Model 1,Model 2,Mean1 (ms),Mean2 (ms),Difference (ms),p-value,Significant
Permissioned DLT (M/M/c),Multi-Stage,6.68945711711884,13.951234084446575,7.2617769673277355,0.0,Yes
Permissioned DLT (M/M/c),Batch-Based,6.68945711711884,171.47634967979462,164.78689256267577,0.0,Yes
Permissioned DLT (M/M/c),Priority-Based,6.68945711711884,19.964557873197197,13.275100756078357,0.0,Yes
Multi-Stage,Batch-Based,13.951234084446575,171.47634967979462,157.52511559534804,0.0,Yes
Multi-Stage,Priority-Based,13.951234084446575,19.964557873197197,6.013323788750622,0.0,Yes
Batch-Based,Priority-Based,171.47634967979462,19.964557873197197,151.51179180659742,0.0,Yes
