Metric,Analytical,Simulated,Relative Error (%)
W_q (Queueing),2.293105455978645e-05,2.304325673916236e-05,0.4893023087245034
W_batch (Batch Formation),0.1225,0.1505132778418408,22.86798191170677
T_validation (Batch),0.006666666666666667,0.006523330749968575,2.1500387504713814
T_consensus,0.003916666666666667,0.003938971955197109,0.5694967284368161
T_commit,0.0033333333333333335,0.003308794543354244,0.7361636993726905
T_total (Total),0.13643959772122646,0.17097409770457636,25.311200384737887
L_q (Queue Length),0.0045862109119572895,0.0019710424077393827,57.022421219215424
