Metric,Analytical,Simulated,Relative Error (%)
W_q (Queueing),2.293105455978645e-05,2.3396125499732694e-05,2.0281271353382397
W_batch (Batch Formation),1.0,0.9985746768691376,0.14253231308624104
T_validation (Batch),0.006666666666666667,0.006391118602619979,4.133220960700315
T_consensus,0.003916666666666667,0.0037802296455331876,3.4834984119186276
T_commit,0.0033333333333333335,0.0032929251904205616,1.2122442873831576
T_total (Total),1.0139395977212264,1.018735439383769,0.4729908638858809
L_q (Queue Length),0.0045862109119572895,0.0020489000365289515,55.324775160536
